ID,"Class"
750,Power
751,Power
752,Power
753,Power
754,Power
755,Power
756,Power
757,Power
758,Power
759,Power
760,Power
761,Power
762,Power
763,Power
764,Power
765,Power
766,Power
767,Power
768,Power
769,Power
770,Power
771,Power
772,Power
773,Power
774,Power
775,Power
776,Power
777,Power
778,Power
779,Power
780,Power
781,Power
782,Power
783,Power
784,Power
785,Power
786,Power
787,Power
788,Power
789,Power
790,Power
791,Power
792,Power
793,Power
794,Power
795,Power
796,Power
797,Power
798,Power
799,Power
800,Power
801,Power
802,Power
803,Power
804,Power
805,Power
806,Power
807,Power
808,Power
809,Power
810,Power
811,Power
812,Power
813,Power
814,Power
815,Power
816,Power
817,Power
818,Power
819,Power
820,Power
821,Power
822,Power
823,Power
824,Power
825,Power
826,Power
827,Power
828,Power
829,Power
830,Power
831,Power
832,Power
833,Power
834,Power
835,Power
836,Power
837,Power
838,Power
839,Power
840,Power
841,Power
842,Power
843,Power
844,Power
845,Power
846,Power
847,Power
848,Power
849,Power
850,Power
851,Power
852,Power
853,Power
854,Power
855,Power
856,Power
857,Power
858,Power
859,Power
860,Power
861,Power
862,Power
863,Power
864,Power
865,Power
866,Power
867,Power
868,Power
869,Power
870,Power
871,Power
872,Power
873,Power
874,Power
875,Power
876,Power
877,Power
878,Power
879,Power
880,Power
881,Power
882,Power
883,Power
884,Power
885,Power
886,Power
887,Power
888,Power
889,Power
890,Power
891,Power
892,Power
893,Power
894,Power
895,Power
896,Power
897,Power
898,Power
899,Power
900,Power
901,Power
902,Power
903,Power
904,Power
905,Power
906,Power
907,Power
908,Power
909,Power
910,Power
911,Power
912,Power
913,Power
914,Power
915,Power
916,Power
917,Power
918,Power
919,Power
920,Power
921,Power
922,Power
923,Power
924,Power
925,Power
926,Power
927,Power
928,Power
929,Power
930,Power
931,Power
932,Power
933,Power
934,Power
935,Power
936,Power
937,Power
938,Power
939,Power
940,Power
941,Power
942,Power
943,Power
944,Power
945,Power
946,Power
947,Power
948,Power
949,Power
950,Power
951,Power
952,Power
953,Power
954,Power
955,Power
956,Power
957,Power
958,Power
959,Power
960,Power
961,Power
962,Power
963,Power
964,Power
965,Power
966,Power
967,Power
968,Power
969,Power
970,Power
971,Power
972,Power
973,Power
974,Power
975,Power
976,Power
977,Power
978,Power
979,Power
980,Power
981,Power
982,Power
983,Power
984,Power
985,Power
986,Power
987,Power
988,Power
989,Power
990,Power
991,Power
992,Power
993,Power
994,Power
995,Power
996,Power
997,Power
998,Power
999,Power
1000,Power
1001,Power
1002,Power
1003,Power
1004,Power
1005,Power
1006,Power
1007,Power
1008,Power
1009,Power
1010,Power
1011,Power
1012,Power
1013,Power
1014,Power
1015,Power
1016,Power
1017,Power
1018,Power
1019,Power
1020,Power
1021,Power
1022,Power
1023,Power
1024,Power
1025,Power
1026,Power
1027,Power
1028,Power
1029,Power
1030,Power
1031,Power
1032,Power
1033,Power
1034,Power
1035,Power
1036,Power
1037,Power
1038,Power
1039,Power
1040,Power
1041,Power
1042,Power
1043,Power
1044,Power
1045,Power
1046,Power
1047,Power
1048,Power
1049,Power
1050,Power
1051,Power
1052,Power
1053,Power
1054,Power
1055,Power
1056,Power
1057,Power
1058,Power
1059,Power
1060,Power
1061,Power
1062,Power
1063,Power
1064,Power
1065,Power
1066,Power
1067,Power
1068,Power
1069,Power
1070,Power
1071,Power
1072,Power
1073,Power
1074,Power
1075,Power
1076,Power
1077,Power
1078,Power
1079,Power
1080,Power
1081,Power
1082,Power
1083,Power
1084,Power
1085,Power
1086,Power
1087,Power
1088,Power
1089,Power
1090,Power
1091,Power
1092,Power
1093,Power
1094,Power
1095,Power
1096,Power
1097,Power
1098,Power
1099,Power
1100,Power
1101,Power
1102,Power
1103,Power
1104,Power
1105,Power
1106,Power
1107,Power
1108,Power
1109,Power
1110,Power
1111,Power
1112,Power
1113,Power
1114,Power
1115,Power
1116,Power
1117,Power
1118,Power
1119,Power
1120,Power
1121,Power
1122,Power
1123,Power
1124,Power
1125,Power
1126,Power
1127,Power
1128,Power
1129,Power
1130,Power
1131,Power
1132,Power
1133,Power
1134,Power
1135,Power
1136,Power
1137,Power
1138,Power
1139,Power
1140,Power
1141,Power
1142,Power
1143,Power
1144,Power
1145,Power
1146,Power
1147,Power
1148,Power
1149,Power
1150,Power
1151,Power
1152,Power
1153,Power
1154,Power
1155,Power
1156,Power
1157,Power
1158,Power
1159,Power
1160,Power
1161,Power
1162,Power
1163,Power
1164,Power
1165,Power
1166,Power
1167,Power
1168,Power
1169,Power
1170,Power
1171,Power
1172,Power
1173,Power
1174,Power
1175,Power
1176,Power
1177,Power
1178,Power
1179,Power
1180,Power
1181,Power
1182,Power
1183,Power
1184,Power
1185,Power
1186,Power
1187,Power
1188,Power
1189,Power
1190,Power
1191,Power
1192,Power
1193,Power
1194,Power
1195,Power
1196,Power
1197,Power
1198,Power
1199,Power
1200,Power
1201,Power
1202,Power
1203,Power
1204,Power
1205,Power
1206,Power
1207,Power
1208,Power
1209,Power
1210,Power
1211,Power
1212,Power
1213,Power
1214,Power
1215,Power
1216,Power
1217,Power
1218,Power
1219,Power
1220,Power
1221,Power
1222,Power
1223,Power
1224,Power
1225,Power
1226,Power
1227,Power
1228,Power
1229,Power
1230,Power
1231,Power
1232,Power
1233,Power
1234,Power
1235,Power
1236,Power
1237,Power
1238,Power
1239,Power
1240,Power
1241,Power
1242,Power
1243,Power
1244,Power
1245,Power
1246,Power
1247,Power
1248,Power
1249,Power
1250,Power
1251,Power
1252,Power
1253,Power
1254,Power
1255,Power
1256,Power
1257,Power
1258,Power
1259,Power
1260,Power
1261,Power
1262,Power
1263,Power
1264,Power
1265,Power
1266,Power
1267,Power
1268,Power
1269,Power
1270,Power
1271,Power
1272,Power
1273,Power
1274,Power
1275,Power
1276,Power
1277,Power
1278,Power
1279,Power
1280,Power
1281,Power
1282,Power
1283,Power
1284,Power
1285,Power
1286,Power
1287,Power
1288,Power
1289,Power
1290,Power
1291,Power
1292,Power
1293,Power
1294,Power
1295,Power
1296,Power
1297,Power
1298,Power
1299,Power
1300,Power
1301,Power
1302,Power
1303,Power
1304,Power
1305,Power
1306,Power
1307,Power
1308,Power
1309,Power
1310,Power
1311,Power
1312,Power
1313,Power
1314,Power
1315,Power
1316,Power
1317,Power
1318,Power
1319,Power
1320,Power
1321,Power
1322,Power
1323,Power
1324,Power
1325,Power
1326,Power
1327,Power
1328,Power
1329,Power
1330,Power
1331,Power
1332,Power
1333,Power
1334,Power
1335,Power
1336,Power
1337,Power
1338,Power
1339,Power
1340,Power
1341,Power
1342,Power
1343,Power
1344,Power
1345,Power
1346,Power
1347,Power
1348,Power
1349,Power
1350,Power
1351,Power
1352,Power
1353,Power
1354,Power
1355,Power
1356,Power
1357,Power
1358,Power
1359,Power
1360,Power
1361,Power
1362,Power
1363,Power
1364,Power
1365,Power
1366,Power
1367,Power
1368,Power
1369,Power
1370,Power
1371,Power
1372,Power
1373,Power
1374,Power
1375,Power
1376,Power
1377,Power
1378,Power
1379,Power
1380,Power
1381,Power
1382,Power
1383,Power
1384,Power
1385,Power
1386,Power
1387,Power
1388,Power
1389,Power
1390,Power
1391,Power
1392,Power
1393,Power
1394,Power
1395,Power
1396,Power
1397,Power
1398,Power
1399,Power
1400,Power
1401,Power
1402,Power
1403,Power
1404,Power
1405,Power
1406,Power
1407,Power
1408,Power
1409,Power
1410,Power
1411,Power
1412,Power
1413,Power
1414,Power
1415,Power
1416,Power
1417,Power
1418,Power
1419,Power
1420,Power
1421,Power
1422,Power
1423,Power
1424,Power
1425,Power
1426,Power
1427,Power
1428,Power
1429,Power
1430,Power
1431,Power
1432,Power
1433,Power
1434,Power
1435,Power
1436,Power
1437,Power
1438,Power
1439,Power
1440,Power
1441,Power
1442,Power
1443,Power
1444,Power
1445,Power
1446,Power
1447,Power
1448,Power
1449,Power
1450,Power
1451,Power
1452,Power
1453,Power
1454,Power
1455,Power
1456,Power
1457,Power
1458,Power
1459,Power
1460,Power
1461,Power
1462,Power
1463,Power
1464,Power
1465,Power
1466,Power
1467,Power
1468,Power
1469,Power
1470,Power
1471,Power
1472,Power
1473,Power
1474,Power
1475,Power
1476,Power
1477,Power
1478,Power
1479,Power
1480,Power
1481,Power
1482,Power
1483,Power
1484,Power
1485,Power
1486,Power
1487,Power
1488,Power
1489,Power
1490,Power
1491,Power
1492,Power
1493,Power
1494,Power
1495,Power
1496,Power
1497,Power
1498,Power
1499,Power
